Residue Category,Residue Name,Residue Number,Chain,Chemical Moiety,Interactors
Cofactor,OEX,418,A,,"NE2, O, OD1, OD2, OE1, OE2, OXT"
PCS,ASP,170,A,,"O, OD1, OD2"
PCS,GLU,189,A,,"NE2, O, OD2, OE1, OE2"
PCS,HIS,332,A,,"OD2, OE2"
PCS,GLU,333,A,,"O, OE1, OE2"
PCS,HIS,337,A,,
PCS,ASP,342,A,,"NE2, OD1, OD2, OE1, OE2, OXT"
PCS,ALA,344,A,,"O, OD1, OE1, OXT"
PCS,HOH,567,A,,"O, OD1, OG"
PCS,HOH,568,A,,"O, OE1, OH"
PCS,HOH,569,A,,O
PCS,HOH,601,A,,"O, OE1"
PCS,HOH,607,A,,"O, OE2"
PCS,HOH,608,A,,"O, OD1, OD2"
PCS,GLU,354,C,,"O, OD1, OE1, OE2, OXT"
PCS,ARG,357,C,,
SCS,ASP,61,A,,O
SCS,ASN,87,A,,
SCS,TYR,161,A,,O
SCS,GLN,165,A,,O
SCS,SER,169,A,,O
SCS,HOH,547,A,,O
SCS,HOH,557,A,,O
SCS,HOH,560,A,,"O, OE2"
SCS,HOH,570,A,,"O, OH"
SCS,HOH,588,A,,O
SCS,HOH,630,A,,
SCS,HOH,665,C,,"O, OE2"

Residue Category,Residue Name,Residue Number,Chain,Atom,x,y,z
SCS,ASP,61,A,N,30.548999786376953,256.7489929199219,345.5329895019531
SCS,ASP,61,A,CA,30.5049991607666,257.4179992675781,346.8330078125
SCS,ASP,61,A,C,31.36400032043457,256.7720031738281,347.9119873046875
SCS,ASP,61,A,O,31.239999771118164,257.1319885253906,349.0719909667969
SCS,ASP,61,A,CB,29.05699920654297,257.614013671875,347.27899169921875
SCS,ASP,61,A,CG,28.288000106811523,258.52398681640625,346.3190002441406
SCS,ASP,61,A,OD1,28.9060001373291,259.4830017089844,345.82501220703125
SCS,ASP,61,A,OD2,27.090999603271484,258.2959899902344,346.0469970703125
SCS,ASN,87,A,N,34.624000549316406,258.52899169921875,346.3710021972656
SCS,ASN,87,A,CA,34.750999450683594,259.47198486328125,347.4779968261719
SCS,ASN,87,A,C,35.92900085449219,259.1289978027344,348.406005859375
SCS,ASN,87,A,O,36.483001708984375,260.010986328125,349.07000732421875
SCS,ASN,87,A,CB,33.45399856567383,259.5719909667969,348.2829895019531
SCS,ASN,87,A,CG,33.417999267578125,260.82598876953125,349.16900634765625
SCS,ASN,87,A,OD1,33.68000030517578,261.9330139160156,348.6940002441406
SCS,ASN,87,A,ND2,33.13100051879883,260.64801025390625,350.4570007324219
SCS,TYR,161,A,N,34.13100051879883,272.7200012207031,341.052001953125
SCS,TYR,161,A,CA,33.17900085449219,272.18701171875,342.010009765625
SCS,TYR,161,A,C,33.76499938964844,271.04400634765625,342.87298583984375
SCS,TYR,161,A,O,33.66600036621094,271.0880126953125,344.1059875488281
SCS,TYR,161,A,CB,31.840999603271484,271.82598876953125,341.3450012207031
SCS,TYR,161,A,CG,30.791000366210938,271.57000732421875,342.37298583984375
SCS,TYR,161,A,CD1,30.333999633789062,272.6080017089844,343.1789855957031
SCS,TYR,161,A,CD2,30.29800033569336,270.2869873046875,342.5899963378906
SCS,TYR,161,A,CE1,29.402000427246094,272.3909912109375,344.17401123046875
SCS,TYR,161,A,CE2,29.349000930786133,270.0559997558594,343.572998046875
SCS,TYR,161,A,CZ,28.910999298095703,271.1180114746094,344.3689880371094
SCS,TYR,161,A,OH,27.985000610351562,270.9110107421875,345.35198974609375
SCS,GLN,165,A,N,34.32099914550781,271.1390075683594,346.95098876953125
SCS,GLN,165,A,CA,33.64099884033203,270.14898681640625,347.781005859375
SCS,GLN,165,A,C,34.566001892089844,269.07000732421875,348.35198974609375
SCS,GLN,165,A,O,34.13600158691406,268.24798583984375,349.1650085449219
SCS,GLN,165,A,CB,32.483001708984375,269.5249938964844,346.9949951171875
SCS,GLN,165,A,CG,31.47800064086914,270.5679931640625,346.5379943847656
SCS,GLN,165,A,CD,30.923999786376953,271.3609924316406,347.7120056152344
SCS,GLN,165,A,OE1,30.44499969482422,270.7850036621094,348.6809997558594
SCS,GLN,165,A,NE2,31.02899932861328,272.677001953125,347.64599609375
SCS,SER,169,A,N,34.32699966430664,262.80499267578125,343.24700927734375
SCS,SER,169,A,CA,33.066001892089844,262.0639953613281,343.2969970703125
SCS,SER,169,A,C,31.868999481201172,262.98699951171875,343.1400146484375
SCS,SER,169,A,O,30.766000747680664,262.5429992675781,342.7909851074219
SCS,SER,169,A,CB,32.9379997253418,261.2560119628906,344.60699462890625
SCS,SER,169,A,OG,32.76100158691406,262.0899963378906,345.7569885253906
PCS,ASP,170,A,N,32.08599853515625,264.27301025390625,343.3949890136719
PCS,ASP,170,A,CA,31.031999588012695,265.27398681640625,343.1820068359375
PCS,ASP,170,A,C,31.166000366210938,266.07598876953125,341.885986328125
PCS,ASP,170,A,O,30.399999618530273,267.0039978027344,341.6600036621094
PCS,ASP,170,A,CB,30.908000946044922,266.22698974609375,344.3819885253906
PCS,ASP,170,A,CG,30.016000747680664,265.65899658203125,345.4930114746094
PCS,ASP,170,A,OD1,29.93000030517578,266.2919921875,346.5669860839844
PCS,ASP,170,A,OD2,29.410999298095703,264.5669860839844,345.30499267578125
PCS,GLU,189,A,N,21.51099967956543,271.260009765625,347.34100341796875
PCS,GLU,189,A,CA,22.608999252319336,271.7090148925781,348.1860046386719
PCS,GLU,189,A,C,22.982999801635742,273.18798828125,348.09600830078125
PCS,GLU,189,A,O,23.62700080871582,273.7239990234375,349.0050048828125
PCS,GLU,189,A,CB,23.80699920654297,270.7619934082031,348.010986328125
PCS,GLU,189,A,CG,23.3700008392334,269.3450012207031,348.4419860839844
PCS,GLU,189,A,CD,24.44300079345703,268.27099609375,348.35400390625
PCS,GLU,189,A,OE1,25.517000198364258,268.5580139160156,347.7969970703125
PCS,GLU,189,A,OE2,24.19300079345703,267.12200927734375,348.84698486328125
PCS,HIS,332,A,N,19.128999710083008,261.9049987792969,348.5539855957031
PCS,HIS,332,A,CA,20.347000122070312,261.6960144042969,347.75799560546875
PCS,HIS,332,A,C,21.388999938964844,260.9309997558594,348.5320129394531
PCS,HIS,332,A,O,21.572999954223633,261.16400146484375,349.7340087890625
PCS,HIS,332,A,CB,20.961000442504883,263.01300048828125,347.239990234375
PCS,HIS,332,A,CG,21.864999771118164,263.6969909667969,348.22698974609375
PCS,HIS,332,A,ND1,21.423999786376953,264.1390075683594,349.4590148925781
PCS,HIS,332,A,CD2,23.18199920654297,264.0140075683594,348.16400146484375
PCS,HIS,332,A,CE1,22.430999755859375,264.68499755859375,350.1159973144531
PCS,HIS,332,A,NE2,23.507999420166016,264.6260070800781,349.35400390625
PCS,GLU,333,A,N,22.083999633789062,260.0419921875,347.8219909667969
PCS,GLU,333,A,CA,23.070999145507812,259.1700134277344,348.4490051269531
PCS,GLU,333,A,C,22.575000762939453,258.6029968261719,349.7980041503906
PCS,GLU,333,A,O,23.173999786376953,258.8399963378906,350.8489990234375
PCS,GLU,333,A,CB,24.378999710083008,259.93701171875,348.5690002441406
PCS,GLU,333,A,CG,24.764999389648438,260.5610046386719,347.2380065917969
PCS,GLU,333,A,CD,25.792999267578125,261.6730041503906,347.3689880371094
PCS,GLU,333,A,OE1,26.089000701904297,262.10101318359375,348.51300048828125
PCS,GLU,333,A,OE2,26.29599952697754,262.12200927734375,346.3179931640625
PCS,HIS,337,A,N,25.43899917602539,259.0220031738281,354.4729919433594
PCS,HIS,337,A,CA,25.514999389648438,259.9649963378906,355.6029968261719
PCS,HIS,337,A,C,25.243000030517578,259.2860107421875,356.94500732421875
PCS,HIS,337,A,O,24.275999069213867,258.5409851074219,357.0740051269531
PCS,HIS,337,A,CB,24.530000686645508,261.1189880371094,355.3919982910156
PCS,HIS,337,A,CG,24.591999053955078,261.7099914550781,354.010986328125
PCS,HIS,337,A,ND1,23.808000564575195,261.2510070800781,352.97100830078125
PCS,HIS,337,A,CD2,25.36400032043457,262.70001220703125,353.49200439453125
PCS,HIS,337,A,CE1,24.082000732421875,261.9460144042969,351.87298583984375
PCS,HIS,337,A,NE2,25.02899932861328,262.82598876953125,352.1619873046875
PCS,ASP,342,A,N,24.805999755859375,267.5669860839844,356.1440124511719
PCS,ASP,342,A,CA,25.565000534057617,267.22698974609375,354.9410095214844
PCS,ASP,342,A,C,26.459999084472656,268.43499755859375,354.7170104980469
PCS,ASP,342,A,O,25.979000091552734,269.4849853515625,354.2820129394531
PCS,ASP,342,A,CB,24.586000442504883,266.99798583984375,353.7749938964844
PCS,ASP,342,A,CG,25.250999450683594,266.47601318359375,352.5069885253906
PCS,ASP,342,A,OD1,26.468000411987305,266.1610107421875,352.4880065917969
PCS,ASP,342,A,OD2,24.511999130249023,266.364013671875,351.5090026855469
PCS,ALA,344,A,N,29.503999710083008,268.6400146484375,353.052001953125
PCS,ALA,344,A,CA,29.98900032043457,268.75299072265625,351.6789855957031
PCS,ALA,344,A,C,29.301000595092773,267.6669921875,350.8909912109375
PCS,ALA,344,A,O,29.152999877929688,267.7980041503906,349.6780090332031
PCS,ALA,344,A,CB,31.485000610351562,268.60101318359375,351.59698486328125
PCS,ALA,344,A,OXT,28.875,266.656005859375,351.4670104980469
Cofactor,OEX,418,A,O1,26.684999465942383,266.8580017089844,349.93499755859375
Cofactor,OEX,418,A,CA1,28.05900001525879,266.8320007324219,347.760009765625
Cofactor,OEX,418,A,MN1,25.197999954223633,265.82598876953125,349.5369873046875
Cofactor,OEX,418,A,O2,28.634000778198242,264.78399658203125,349.3789978027344
Cofactor,OEX,418,A,MN2,27.53499984741211,265.46600341796875,350.77398681640625
Cofactor,OEX,418,A,O3,26.08799934387207,264.2619934082031,350.2699890136719
Cofactor,OEX,418,A,MN3,27.433000564575195,263.5920104980469,348.83099365234375
Cofactor,OEX,418,A,O4,28.80699920654297,263.1099853515625,347.5880126953125
Cofactor,OEX,418,A,MN4,27.77899932861328,263.5249938964844,345.9909973144531
Cofactor,OEX,418,A,O5,26.44499969482422,264.843994140625,347.3550109863281
SCS,HOH,547,A,O,24.566999435424805,270.58599853515625,351.9960021972656
SCS,HOH,557,A,O,27.42300033569336,265.9100036621094,342.6570129394531
SCS,HOH,560,A,O,24.933000564575195,262.25,343.6780090332031
PCS,HOH,567,A,O,30.410999298095703,261.1109924316406,347.197998046875
PCS,HOH,568,A,O,28.527000427246094,269.281005859375,347.5060119628906
PCS,HOH,569,A,O,27.301000595092773,267.1440124511719,345.281005859375
SCS,HOH,570,A,O,25.854999542236328,269.40399169921875,344.8420104980469
SCS,HOH,588,A,O,27.62700080871582,271.69000244140625,350.0320129394531
PCS,HOH,601,A,O,26.44300079345703,269.322998046875,350.489013671875
PCS,HOH,607,A,O,26.427000045776367,263.9939880371094,344.4049987792969
PCS,HOH,608,A,O,28.783000946044922,261.90899658203125,344.6319885253906
SCS,HOH,630,A,O,28.66699981689453,265.5570068359375,354.65899658203125
PCS,GLU,354,C,N,30.753999710083008,260.60101318359375,355.07000732421875
PCS,GLU,354,C,CA,31.17799949645996,261.3340148925781,353.8659973144531
PCS,GLU,354,C,C,32.520999908447266,262.0580139160156,354.06500244140625
PCS,GLU,354,C,O,33.308998107910156,262.2900085449219,353.1029968261719
PCS,GLU,354,C,CB,30.090999603271484,262.3219909667969,353.4729919433594
PCS,GLU,354,C,CG,29.05299949645996,261.73699951171875,352.54998779296875
PCS,GLU,354,C,CD,28.437000274658203,262.7659912109375,351.6159973144531
PCS,GLU,354,C,OE1,28.264999389648438,263.9360046386719,352.03900146484375
PCS,GLU,354,C,OE2,28.110000610351562,262.4020080566406,350.45001220703125
PCS,ARG,357,C,N,36.27000045776367,261.8009948730469,352.6610107421875
PCS,ARG,357,C,CA,37.01300048828125,262.5880126953125,351.6470031738281
PCS,ARG,357,C,C,38.03900146484375,263.5799865722656,352.239990234375
PCS,ARG,357,C,O,39.02000045776367,263.9570007324219,351.59100341796875
PCS,ARG,357,C,CB,36.060001373291016,263.3429870605469,350.72100830078125
PCS,ARG,357,C,CG,35.319000244140625,264.4679870605469,351.41400146484375
PCS,ARG,357,C,CD,34.44599914550781,265.22198486328125,350.4599914550781
PCS,ARG,357,C,NE,33.43299865722656,264.385009765625,349.822998046875
PCS,ARG,357,C,CZ,32.35900115966797,264.88299560546875,349.2250061035156
PCS,ARG,357,C,NH1,32.18000030517578,266.20098876953125,349.2030029296875
PCS,ARG,357,C,NH2,31.47100067138672,264.0780029296875,348.6499938964844
SCS,HOH,665,C,O,29.542999267578125,260.26800537109375,349.70599365234375
